name,datetime,duration,location,mainCharacters,summary
巴黎和会,,1919-01-18=>1919-06-28,巴黎,"陆征祥,顾维钧,王正廷,施肇基,魏宸组","第一次世界大战结束后,战胜国(协约国集团)在巴黎召开的和平会议。1919年1月18日至6月28日,美、英、法、意、日、中等27国在巴黎凡尔赛宫召开和平会议。苏俄是战胜国之但未与会。会议实际由美、英、法、日、意5国,特别是美、英、法3国所操纵。会议初期,成立了由美、英、法、意4国首脑和外交部长以及两名日本全权代表组成的“十人会议”主宰一切。后来,又成立了由美国总统威尔逊、英国首相劳合·乔治、法国总理克里孟梭、意大利首相奥兰多(意大利因本国的要求没有达到而中途退出了会议)组成的“四人会议”,作为和会的决策机构。这次会议名义上是拟定对德和约,建立战后世界和平,实际上是帝国主义战胜国掠夺战败的德国,并瓜分其殖民地的分赃会议。经过激烈争吵和互相妥协,帝国主义列强终于在1919年6月28日签订了《对德和约》(亦称《凡尔赛和约》或《巴黎和约》)。该和约的主要内容是:(一)德国承认发动大战的罪责;(二)对德国的疆界作了很大变动,原有国土的1/8被划给其他国家;(三)德国放弃其全部海外殖民地;(四)对德国实行严格的军备限制(五)德国对战胜国交付巨额赔款。此外,还通过了《国际联盟盟约》。巴黎和会还是一次反对新生的苏维埃俄国的会议。这次和会并没有导致世界和平,相反使各国的矛盾进一步激化,20年后,又爆发了第二次世界大战。在第一次世界大战中,中国北洋军阀政府曾于1917年8月14日,正式宣布对德国和奥地利宣战,因此,中国也以战胜国之一的资格参加了巴黎和会。出席巴黎和会的中国代表团由陆征祥、顾维钧、王正廷等5人组成。中国虽然也列名为战胜国,但帝国主义列强仍然漠视中国主权,把中国看成他们的殖民地,任意进行宰割。巴黎和会开始时,中国代表团向和会提出了7项希望条件:(一)废弃势力范围;(二)撤退外国军队、巡警;(三)裁退外国邮局及有线、无线电报机关;(四)撤销领事裁判权;(五)归还租借地;(六)归还租界;(七)归还关税自主权。后来,在中国留欧学生的强烈要求下,又提出了废除二十一条的要求。在讨论山东问题时,中国代表团又向和会提出,要求归还在大战期间被日本夺去的德国在山东占有的各种特权。但是,和会最高会议拒绝了中国的要求,认为7项希望条件和废除二十一条的要求,都不在和会讨论的范围之内。山东问题虽然作了讨论,但在英法、美的支持下,和会否决中国的要求,完全满足了日本的愿望。《巴黎和约》关于山东问题的第156条规定:“德国将按照1898年3月6日与中国所订条约及关于山东省之其他文件,所获得之一切权利所有权及特权,其中以关于胶州领土、铁路矿产及海底电线为尤要,放弃以与日本。”“所有在青岛至济南铁路之德国权利,其所包含支路,连同无论何种附属财产,车站工场,固定及行动机件,矿产,开矿所用之设备及材料,并一切附随之权利及特权,均为日本获得,并继续为其所有。”“自青岛至上海及自青岛至烟台之德国国有海底电线,连同一切附随之权利特权及所有权,亦为日本获得,并继续为其所有各项负担概行免除。”第157条规定:“在胶州领土内之德国国有动产及不动产,并关于该领土德国因直接或间接负担费用实施工程或改良而得以要求之一切权利,均为日本获得,并继续为其所有,各项负担概行免除。”第158条规定:“德国应将关于胶州领土内之民政、军政、财政、司法或其他各项档案、登记册、地图、证券及各种文件,无论存放何处,自本约实行起三个月内移交日本。”根据《巴黎和约》的这3项条款,帝国主义列强就把德国在我国山东强占去的胶州租借地、铁路、矿山及其他一切特权,全部转让给了日本。中国代表虽尽力敦促修改上述方案,但一无所获,甚至被剥夺了行使保留意见的权利。但北洋军阀政府竟准备在这样的和约上签字。在巴黎和会上中国外交失败的消息传到国内后,激起全国人民的无比义愤,由此而爆发了轰轰烈烈的五四爱国运动。6月28日,在人民群众爱国斗争的压力下,中国代表团拒绝在《巴黎和约》上签字。"
新民学会蒙达尼会议,,1920-07-06=>1920-07-10,蒙达尼,"蔡和森,向警予,萧子昇,萧子暲,张昆弟,罗学瓒,蔡畅,李维汉等","1920年7月,新民学会旅法会员在法国蒙达尼召开的会议。从1919年春到1920年冬,新民学会会员萧子昇、罗学瓒、张昆弟、李维汉、蔡和森、蔡畅、向警予、萧三(子暲)、欧阳泽、劳君展等18人先后赴法勤工俭学,分别在蒙达尼、枫丹白露、勒哈佛尔、克鲁邹、圣伯尼等地做工或学习。他们根据1920年5月8日新民学会上海半淞园会议关于不设分会,可组织学术谈话会的意见,没有设立分会但他们在蔡和森的领导下,开展了有组织的活动,实际形成个以蒙达尼为中心的具有共产主义性质的团体,并和国内的毛泽东等人经常保持着通信联系。1920年6月,旅法新民学会会员决定在蒙达尼召集一次会议。7月5日,会员从各地到达蒙达尼。6日至10日,正式在蒙达尼公学开会。与会者有蔡和森、向警予、萧子昇、萧子暲、张昆弟、罗学瓒、蔡畅、李维汉等13人及部分工学励进会会员,共20余人。这次会议的主要成绩,是确定了新民学会的方针为“改造中国与世界”。新民学会的宗旨,由1918年4月成立时的“革新学术,砥砺品行,改良人心风俗”转变为现在的“改造中国与世界”,说明学会的政治思想有了一个飞跃,标志着部分会员的思想开始由革命民主主义转向马克思主义,是新民学会历史发展的一个重要转折。但是,在讨论经过什么道路、用什么方法达到“改造中国与世界”这一目的时,会员之间发生了严重分歧。蔡和森主张走俄国十月社会主义革命的道路,组织共产党,建立无产阶级专政。萧子昇不同意这种意见,主张温和革命,即采用无政府主义的蒲鲁东式的方法,这实质上就是主张资产阶级改良主义。陈绍休动摇于二者之间,认为“现在中国组织共产党较难”。这一分歧,标志着新民学会会员思想信仰分化的开始。多数与会者还不能判明这两种主张谁是谁非。因此,会议决定把这两种意见写信告诉毛泽东,听取国内会员的意见。萧子昇于1920年8月初,蔡和森于8月13日,李维汉于8月28日,分别写信给毛泽东,各述自己的主张。特别是蔡和森给毛泽东的信,详述了他对马克思主义的认识和关于组织共产党的有关事宜。毛泽东在接到他们的来信后,便于1920年12月1日给萧子昇、蔡和森并在法诸会友写了复信。明确表示:“赞成‘改造中国与世界’为学会方针”,对蔡和森同萧子昇、李维汉(注:李维汉8月28日给毛泽东写信的观点与萧子昇的观点基本相同)之间的分歧明确表示:赞成马克思式的革命,“我于子昇、和笙(李维汉)二兄的主张,不表同意。而于和森的主张,表示深切的赞同。”蒙达尼会议共召开5天,除讨论学会方针和实现此方针的道路外,会员还畅谈了个人感想,进行个性批判与介绍,大家互助互勉,取长补短。这次会议后,旅法新民学会会员和工学世界社社员,如向警予、李维汉、李富春、蔡畅、罗学瓒、张昆弟、萧子障等,在蔡和森指导下,对马克思主义进行广泛的学习和研究,接受了蔡和森的主张,摆脱了工读主义和无政府主义的影响,赞成马克思主义和十月社会主义革命,转变为坚定的共产主义战士。"
共产国际第二次代表大会,,1920-07-19=>1920-08-07,彼得格勒,"刘绍周,安恩学","1920年7月19日至8月7日召开。这次代表大会的开幕式在彼得格勒(今圣彼得堡)举行,7月23日移至莫斯科。出席这次大会的有37个国家的200多名代表。中国的刘绍周、安恩学(音译)作为俄国共产华员局的代表列席了大会。列宁在会上作了《关于国际形势和共产国际的基本任务》的报告。民族和殖民地问题是这次代表大会讨论的一个重要问题,列宁在会前为大会起草了《民族和殖民地问题提纲初稿》。这个提纲全面阐述了民族和殖民地问题理论,其基本思想,是把世界划分为压迫民族和被压迫民族两大营垒,要求世界无产阶级支持殖民地半殖民地被压迫民族的解放斗争。列宁指出:先进国家的无产阶级能够也应该帮助落后国家的劳动群众。共产国际应当同殖民地和落后国家的革命运动暂时合作,甚至同它结成联盟,但是不要和它混为一体,甚至当无产阶级运动还处在萌芽状态时,也绝对要保持这一运动的独立性。英属印度代表罗易在会上作了《关于民族和殖民地问题的补充提纲》的报告,强调无产阶级必须掌握农民革命的领导权。代表大会除通过列宁的提纲外,还通过了罗易的补充提纲,从而使得列宁的思想更加全面与完善。大会通过了列宁提出的《关于国际第二次代表大会基本任务提纲》。这个提纲主要是把俄国革命的基本经验教训传播到西方国家去。大会通过了列宁草拟的《土地问题提纲》。这个提纲强调无产阶级必须建立巩固的工农联盟。大会还通过了列宁起草的《加入共产国际的条件》,从而保证了共产国际的纯洁性。荷属印度代表马林作了关于荷属印度情况的报告,介绍了他在东印度开展革命的经验。中国代表刘绍周在讨论民族和殖民地问题时发言,介绍了五四运动前后的情况,强调指出:目前中国是进行革命宣传的广阔天地。第三国际的代表大会应该极其严肃地注意这一事实。支持中国革命不仅对中国本身,而且对全世界的革命运动都有重要意义。在这次代表大会上,成立了由列宁兼任主席的殖民地事务委员会,以加强对民族和殖民地工作的指导。共产国际第二次代表大会,为制定共产国际的纲领、组织原则、战略和策略奠定了基础,对于指导各国共产党的发展,推动殖民地半殖民地民族解放运动,起了十分重要的作用,尤其是列宁关于民族和殖民地问题的理论,不仅成为共产国际领导东方各国革命斗争的指导原则,而且对于中国共产党制定其行动纲领和策略方针,也具有重大的指导作用。中国共产党与孙中山领导的中国国民党建立的革命统一战线,正是在列宁关于民族和殖民地问题理论的指导和共产国际的帮助下实现的。"
三月代表会议,1921-03,,上海,,"1921年1月1日至3日,新民学会在长沙召开的会议。这是新民学会史上一次极为重要的会议。1921年1月1日,新民学会会员在长沙文化书社举行大会。何叔衡担任会议主席。会前,毛泽东、何叔衡等人预先向会员们提出了新民学会应以什么作共同目的、达到目的须采用什么方法、目前如何着手等14个问题,要会员做讨论准备。会上,大家着重就3个问题进行了讨论:第一个问题,学会应以什么作共同目的。毛泽东指出:现在国中对于社会问题的解决,显然有两派主张,一派主张改造,一派则主张改良。前者如陈独秀诸人,后者如梁启超、张东荪诸人。毛泽东明确表示要以“改造中国与世界”为目的。经过讨论,在与会的18人中,除有1人赞成以“促进社会进化”为目的,有1人对“改造中国与世界”和“促进社会进化”都表赞成,有2人不表态外,毛泽东、何叔衡、彭璜、陈昌、易礼容、熊瑾玎等14人均主张改造中国与世界”。这就是说,大多数会员主张以“改造中国与世界”作为新民学会的共同目的。第二个问题,达到目的须采用什么方法。在这个问题上大家存在着分歧。毛泽东首先报告了巴黎方面蔡和森提出的主张组织共产党的提议,并介绍了当时世界上关于解决社会问题的五种方法:一是社会政策;一是社会民主主义;三是激烈方法的共产主义(列宁的主义);四是温和方法的共产主义(罗素的主义);五是无政府主义。同时指出:“社会政策,是补苴罅漏的政策,不成办法。社会民主主义,借议会为改造工具,但事实上议会的立法总是保护有产阶级的。无政府主义否认权力,这种主义,恐怕永世都做不到温和方法的共产主义,如罗素所主张极端的自由,放任资本家亦是永世做不到的。激烈方法的共产主义,即所谓劳农主义用阶级专政的方法,是可以预计效果的。故最宜采用。”何叔衡也明确表示主张过激主义。其他的会员大多同意毛泽东、何叔衡的主张。陈书农认为:资本主义,积重难返,非根本推翻不能建设,所以我主张劳农专政。陈子博主张:第一步激烈革命,第二步劳农专政。彭璜不仅认为应该学习俄国十月革命的经验,而且主张要结合中国的国情,不能照搬照抄。有的会员则对布尔什维克主义表示怀疑,李振翩主张用罗素的温和办法邹泮清认为比较可行的还是德谟克拉西。讨论结果,除2人赞成德谟克拉西,1人赞成温和方法的共产主义,3人未表态外,毛泽东等12人,公开表示赞成布尔什维克主义。第三个问题,目前如何着手。经过热烈讨论,大多数会员认识到,要实现“改造中国与世界”的目的,目前应从组织共产党和社会主义青年团入手。也有部分会员主张实行工学主义及教育改造。新民学会对建党建团问题进行了大规模的讨论,并有如此多的人赞成建党建团,这在当时的革命社团中是空前的,对今后湖南党团组织的创建和发展壮大起了重要作用。这次会议在应以什么作共同目的、达到目的须采用什么方法、目前应如何着手3个重要问题上,基本取得一致的看法,这对新民学会的发展有着决定性的影响。在以后的革命斗争中,新民学会中的许多会员加入了中国共产党,有的成为党的重要领导骨干,有的为革命事业献出了宝贵的生命。"
俄共党员第一次代表会议,1920-07,,北京,维连斯基:1,1920年7月上旬，共产国际东亚书记处临时执行局主席维连斯基一行由海参崴到达北京，主持召开了在华工作的俄共党员第一次代表会议，中心任务是讨论即将举行的中国共产主义组织代表大会和中国共产党的成立等问题。
远东社会主义者会议,1920-07,,上海,,1920年7月中旬，在上海举行有中国、朝鲜等国代表参加的“远东社会主义者会议”。
中国最积极同志会议,1920-07-09,,上海,"陈独秀,李汉俊,沈玄庐",1920年7月9日，俄共（布）代表又在上海召开“中国最积极同志”会议，进一步商讨建党问题。会上，陈独秀、李汉俊、沈玄庐等，坚决主张在全国范围内建立中国共产党。
中国共产党第一次全国代表大会,,1921-07-23=>1921-07-30,上海,"李达,李汉俊,张国焘,刘仁静,陈公博,包惠僧,董必武,陈潭秋,毛泽东,何叔衡,王烬美,邓恩铭,周佛海,马林,尼柯尔斯基,陈独秀","1921年7月，各地共产主义小组的代表在上海召开的中国共产党成立大会中国共产党是马克思列宁主义同中国工人运动相结合的产物，是在俄国十月革命和中国五四运动的影响下，在列宁领导的共产国际的帮助下建立起来的。1919年五四运动后，具有初步共产主义思想的知识分子，深入工人群众，传播马克思列宁主义，领导罢工斗争，使马克思列宁主义同中国工人运动逐步结合起来。这时，他们已认识到在中国建立共产党的必要性。1920年4月，俄共（布）远东局派维经斯基到中国了解情况，帮助建党。在维经斯基帮助下，1920年6月，陈独秀、李汉俊、俞秀松等在上海建立了共产党组织—中国共产党上海发起组。经上海共产党组织同各地联系，北京、武汉、长沙、广州、济南等地也先后建立了共产主义小组。此外，在日本和法国的留学生中，也建立了共产主义小组。中国共产党上海发起组和各地共产主义小组成立后，创办了《共产党》月刊、《劳动界》、《劳动音》《劳动者》、《伙友》、《工人周刊》等刊物，建立起工会、工人俱乐部等组织，开办劳动补习学校，对工人进行宣传和组织工作，介绍俄国共产党的建党经验和列宁的建党学说，并对各种反马克思主义思潮进行批判。到1921年夏，正式建立统一的中国共产党的条件已经成熟。1921年6月3日共产国际驻中国代表马林和共产国际远东书记处代表兼有赤色职工国际使命的尼柯尔斯基到达上海。他们建议早日召开党的全国代表大会。中国共产党上海发起组代理书记李达，发信通知各地共产主义小组各派2名代表到上海开会，并把大会的日期定在6月20日。但直到7月23日，各地代表才全部到达上海。1921年7月23日，中国共产党第一次全国代表大会在上海法租界贝勒路树德里三号（现兴业路76号）李汉俊家里秘密召开。出席会议的有13人:李达、李汉俊、张国焘、刘仁静、陈公博、包惠僧、董必武、陈潭秋、毛泽东、何叔衡、王烬美、邓恩铭和周佛海。他们分别代表上海、北京、广州、武汉、长沙、济南和东京共7个共产主义小组的50多名党员。大会由张国焘主持，毛泽东和周佛海任记录。共产国际代表马林、尼柯尔斯基出席大会并讲了话。大会议程包括:听取各地方小组的情况报告；起草并制定党的纲领和实际工作计划;选举党的中央机构。7月30日,大会正在进行时,突然遭到法租界巡捕的搜查,会议中止。8月初,会议转移到浙江省嘉兴县南湖的一只游船上继续举行,并胜利闭幕。会后通过的文件有《中国共产党第一个纲领》和《中国共产党第一个决议》。党纲的主要内容是:第一,确定党的名称为“中国共产党”。第二,确定党的奋斗目标是:“(一)以无产阶级革命军队推翻资产阶级,由劳动阶级重建国家,直至消灭阶级差别;(二)采用无产阶级专政,以达到阶级斗争的目的—消灭阶级;(三)废除资本私有制,没收一切生产资料,如机器、土地、厂房、半成品等,归社会所有。”同时还规定:“党采取苏维埃的形式,把工农劳动者和士兵组织起来,宣传共产主义,承认社会革命为我党的首要政策;坚决同黄色知识分子阶层及其他类似党派断绝一切联系。”第三,联合第三国际。第四,规定了从中央到地方的组织机构;接收党员的条件和入党手续,以及民主集中制的组织原则和党的纪律。大会通过的《中国共产党第一个决议》的主要内容是:第一,开展工人运动,“本党的基本任务是成立产业工会,”建立工人学校,“提高工人的觉悟,使他们认识到成立工会的必要。”第二,对待其他政党的态度,“应采取独立的攻击的政策。在政治斗争中,在反对军阀主义和官僚制度的斗争中,在争取言论、出版集会自由的斗争中,我们应始终站在完全独立的立场上,只维护无产阶级的利益,不同其他党派建立任何关系。”第三,党的宣传工作,“任何出版物,无论是中央的或地方的,都不得刊登违背党的原则、政策和决议的文章”。第四,同第三国际的关系,“党中央委员会应每月向第三国际报告工作”,“在必要时,应派遣1名特命全权代表前往设在伊尔库茨克的第三国际远东书记处。”大会还讨论了《中国共产党成立宣言》,由于党处于秘密状态,该宣言后来没有公开发表。大会选举产生了中央领导机关—中央局,由陈独秀、张国焘、李达3人组成,陈独秀任书记,张国焘任组织主任,李达任宣传主任。中国共产党第一次全国代表大会,宣告了中国共产党的成立。从此,在中国出现了完全新式的、以共产主义为目的的、以马克思列宁主义为行动指南的、统一的工人阶级政党。它的诞生改变了中国革命的方向,加速了革命胜利的进程,使中国革命的面貌从此焕然一新。"
"华盛顿会议,太平洋会议",,1921-11-12=>1922-02-06,华盛顿,,"美、英、日等国为解决在侵略瓜分远东和太平洋地区中的矛盾,于1921年11月12日在华盛顿召开的会议。亦称“太平洋会议”。第一次世界大战后,帝国主义国家加紧了对远东和太平洋地区的侵略瓜分活动。大战期间,日本趁英、美等国无暇东顾之机,加紧对中国的侵略,夺得了原来德国在山东的各项特权;巴黎和会又承认日本在中国夺得的这些权利,从而巩固了日本在中国的地位。战后的美国成为世界最大的资本输出国,它也把侵略的目标对准了远东,特别是中国。于是,日、美之间矛盾日益尖锐。此外,英日之间、美法之间、英法之间,在远东和太平洋地区也存在着一系列利害冲突。在这种情况下,为协调各主要帝国主义国家的矛盾,按实力对比重新调整帝国主义国家在远东和太平洋地区、特别是在中国的利益,经美国建议,英国支持,1921年11月12日至1922年2月6日,召开了有美、英、日、法、意、比、荷、葡和中国共9国参加的华盛顿会议。会议的主要议题是限制军备和远东及太平洋问题。在这次会议上,美、英、法、日4国签订了《四国条约》。美国在会议上拆散了英日同盟(英日同盟条约在1921年期满后没有续订),又联合英国迫使日本接受美、英、日、法、意《五国海军协定》,规定美、英、日3国海军吨位限制为5:5:3的比率。中国代表在会上提出处理中国和外国关系的“十项原则”,一方面要求各国尊重中国“领土之完整及政治与行政之独立”；一方面又声称完全赞成美国提出的“门户开放”“机会均等”等旨在侵略中国的主张。会议通过的有关中国问题的条约有:《中日解决山东悬案条约及附约》、《九国关于中国事件应适用各原则及政策之条约》（即《九国公约》、《九国间关于中国关税税则之条约》。其中的《九国公约》，实际上就是美国所谓“门户开放，机会均等”主义的翻版。华盛顿会议实质上是1919年分赃的巴黎和会的继续和发展，被称为“强盗晚餐会”。它确定了战后帝国主义在远东和太平洋地区的新秩序，大大有利于美国，为美国在远东和太平洋地区进行侵略扩张创造了更多的机会。同时，使各主要帝国主义国家在瓜分殖民地，侵夺东方各国的狂潮中进一步勾结起来，共同对付人民的革命斗争。中国人民强烈反对帝国主义在华盛顿会议上损害中国权益的行径。1922年7月，《中国共产党第二次全国代表大会宣言》揭露了华盛顿会议的侵略性质，指出:美国在华盛顿会议上采取“门户开放”的政策，“完全是要借着这个‘开放’来打破日、英在中国的优势，让他自己插足进来，操纵中国的经济生命”。"
远东各国共产党及民族革命团体第一次代表大会,1922-01,,莫斯科,"张国焘,瞿秋白,王烬美,邓恩铭,高君宇,邓培,夏曦,张秋白,黄壁魂,高君宇,黄凌霜,列宁,斯大林,季诺维也夫,托洛茨基,片山潜等",共产国际为对抗华盛顿会议，使远东劳动群众在反帝旗帜下团结起来，于1922年1月发起召开了远东各国共产党及民族革命团体第一次代表大会。1921年11月，美、英、日、法等帝国主义国家召开了华盛顿会议，协调各主要帝国主义国家之间的矛盾，按实力重新瓜分远东。这是一次掠夺和宰割东方弱小民族的“强盗晚餐会议”。共产国际为对抗华盛顿会议，加强远东被压迫民族之间的联系和团结，开展反帝斗争，决定在华盛顿会议召开的同一天，即1921年11月12日，在苏俄伊尔库茨克召开远东各国共产党和民族革命团体第一次代表大会，后因故延期在莫斯科召开。1922年1月21日，远东各国共产党及民族革命团体第一次代表大会（即远东劳动人民代表大会）在莫斯科召开，2月2日闭幕式在列宁格勒（今圣彼得堡）举行。出席这次会议的有中国、朝鲜、日本、蒙古及爪哇等东方各国正式代表131名和17名非正式代表。中国代表团由37名正式代表和2名非正式代表组成。正式代表中有中国共产党党员14人，国民党党员1人，社会主义青年团团员11人，无党派人士13人。这是中国共产党参加早期国际会议党员人数最多的一次。张国焘担任代表团团长。张国焘、瞿秋白、王烬美、邓恩铭、高君宇、邓培、夏曦等共产党员出席了大会。会议选举列宁、斯大林、季诺维也夫、托洛茨基、片山潜为名誉主席。共产国际主席季诺维也夫主持开幕式，并致开会词。片山潜代表共产国际执行委员会，加里宁代表全俄中央执行委员会，洛佐夫斯基代表赤色职工国际，许勒代表少共国际分别向大会致贺词中国、朝鲜、蒙古、印度、美国、日本等国的代表，也致了贺词。共产国际东方部主任萨法洛夫作了题为《共产党人在民族殖民地问题上的立场及其与民族革命政党的合作》的报告。张国焘代表中国共产党和革命团体向大会致祝词并向大会提交了关于中国形势的长篇报告。产业工人代表邓培介绍了中国的工人运动情况。国民党代表张秋白介绍了国民党和孙中山南方政府的情况。妇女代表黄壁魂介绍了中国妇女状况。高君宇、黄凌霜也分别作了报告。大会通过的宣言明确指出，中国和远东各被压迫民族当前的中心任务是进行反帝反封建的民族民主革命；并再次号召“全世界无产者和被压迫民族联合起来！”会上，还通过了《华盛顿会议的结果及远东形势》的决议，通过了关于共产党与民主革命派合作问题的决议，进一步重申“反帝统一战线”的口号。列宁因病未能出席大会，但他始终关心大会的情况。会议期间，列宁抱病接见了中国共产党代表张国焘、国民党代表张秋白和产业工人代表邓培。列宁询问了中国的政治、经济和工人运动的情况。出席这次大会的一部分中国共产党的代表，于1922年上半年陆续回国，参加了中国共产党第二次全国代表大会，根据列宁关于民族和殖民地问题的理论和远东各国共产党和民族革命团体第一次代表大会精神制定了反帝反封建的民主革命纲领。这次大会，对中国共产党制定民主革命纲领和统一战线政策，起了非常重要的作用，对东方各国革命运动的发展，也起了积极的推动作用。
第一次全国劳动大会,,1922-05-01=>1922-05-06,广州,"张国焘,李启汉,谭平山,邓中夏,史文彬,邓培,朱宝庭,黄焕庭,陈炳生,林伟民,苏兆征等",1922年5月1日至6日，由中国劳动组合书记部发起，在广州召开的中国工人阶级的第一次全国性大会。中国共产党成立后，为了全力开展工人运动，于1921年8月，在上海成立中国劳动组合书记部，作为领导工人运动的总机关。接着，又在北京、武汉、长沙、广州、济南设立了分部。中国劳动组合书记部领导各地工人建立工会，开展罢工斗争。这时，除中国共产党在从事工人运动外，一些国民党人士、无政府主义者、工团主义者及资产阶级官僚政客也组织了工人团体，如广州的互助总社，长沙的劳工会，上海的中华全国协进会等，他们企图利用工人阶级的力量，达到自己的政治目的，而且在工人中也产生了一定的影响。此外，在十月革命影响下，工人中的一些先进分子也成立了自己的工会组织，如苏兆征、林伟民等，于1921年3月成立了中华海员工业联合总会（这是中国最早的现代化产业工会组织之一）。当时全国的各种工会团体已有100多个。在这种形势下，为使全国各工会团体能联合起来，共同参加反帝反封建的革命斗争，中国劳动组合书记部及时地提出了召开全国劳动大会的主张。1922年4月10日，中国劳动组合书记部发出通告，要求全国各工会派代表1人，到广州参加全国劳动大会。通告宣布大会的主要内容是:（一）纪念五一节；（二）联络全国工界感情；（三）讨论改良生活问题；（四）各代表提议事件。发起召开这次大会的原则是，不分何党何派，只要是工会，便邀请参加。5月1日，劳动大会代表和数万广州工人，在广州第一公园召开纪念五一劳动节大会，并举行盛大游行示威。当晚，第一次全国劳动大会在广东机器工会举行开幕式。会议历时6天，6日结束，到会代表共173人，来自12个城市，代表着110多个工会，34万会员。代表中比较著名的人物，有中国劳动组合书记部的张国焘、李启汉，中国劳动组合书记部广东分部的谭平山，京汉铁路工会的邓中夏、史文彬，京奉铁路工会的邓培，上海均安水手公所的朱宝庭，广东机器工会的黄焕庭，香港中华海员工业联合总会的陈炳生、林伟民、苏兆征等。大会主席由共产党员谭平山担任。大会代表的成分很复杂，有共产党人，有国民党人，有无政府主义者，有招牌工会派，甚至还有工商合组的团体。代表的政治背景虽然复杂，但经过共产党代表的工作，大家在主要目标上取得一致，保证了大会的顺利进行。大会通过了共产党人提出的“打倒帝国主义”、“打倒军阀”等政治口号，以此作为工人参加民主革命的基本方针。大会代表所提议案甚多，通过的决议案共10项:（一）罢工援助案；（二）8小时工作制案；（三）全国总工会组织原则案；（四）制订中国劳动歌及劳动旗帜案；（五）规定湖南劳工会黄爱、庞人铨死难日、海员罢工沙田烈士死难日为纪念节日案；（六）组织全国人力车夫联合会案；（七）中国在相当期间内的劳动运动，只作经济运动不与闻政治案；（八）尊重劳动节及惩戒工界虎伥案；（九）明年五一节在汉口召开第二次劳动大会案；（十）全国总工会未成立以前，请中国劳动组合书记部为全国总通讯机关案。在上述10项决议案中，大会主要讨论了罢工援助案、全国总工会组织原则案和惩戒工界虎伥案，这是当时罢工高潮中迫切需要解决的3个问题。《罢工援助案》提出:工人在罢工中必须互相援助，以达我工人牺牲奋斗、自求幸福的目的。并规定了罢工援助的具体办法。《全国总工会组织原则案》主要内容，一是确定组织工会应以产业组合为原则，反对旧式的“行会”、“帮口”；二是提出组织全国总工会。《惩戒工界虎伥案》（“工界虎伥”，即“工贼”，当时还没有“工贼”这一名词），主要规定如何对付压迫工人和破坏罢工的工贼。其办法是:先警告，次宣布罪状，最后则以铁血对待。大会还公开发表了《全国劳动大会第一次会议宣言》，号召全国工人阶级联合起来，组成强固的阶级阵线，与资产阶级和压迫阶级进行不懈的斗争。大会通过的这10项决议案，比较偏重于工会组织方面的问题，没有提出一个发动和组织工人起来进行斗争的统率工人运动全局的纲领。大会虽然接受了中国共产党提出的“打倒帝国主义”、“打倒军阀”的口号，但没有明确提出工人阶级当前在政治上、经济上的具体要求。这说明当时工人运动还处于初期阶段，会议代表的觉悟还不高，经验还不丰富。这次大会虽有不足，但仍具有重大历史意义。此次大会是中国工人阶级第一次全国性的大会，它使各党各派影响下的工人组织，在中国劳动组合书记部的旗帜下团结起来了。大会确定了工会组织以产业组合为原则，这一原则成为以后中国革命工会组织的根本观念，在中国工运史上有很大的功绩。大会提高了中国劳动组合书记部的地位和威信，同意“全国总工会成立以前，请中国劳动组合书记部为全国总通讯机关”，即公认它是全国工人运动的最高领导机关，这也标志着中国共产党在全国工人运动中，从一开始就获得了领导地位。
中国社会主义青年团第一次全国代表大会,,1922-05-05=>1922-05-10,广州,"蔡和森,邓中夏,张太雷,施存统,俞秀松,谭平山,陈公博,易礼容,许白吴,谭植棠,王振翼,陈独秀,达林,施存统,谭平山,邓中夏,易礼容,莫耀明,高君宇等",1922年5月5日至10日在广州召开，正式成立了中国社会主义青年团。1920年8月，中国共产党上海发起组发起成立上海社会主义青年团。接着，北京、广州、长沙、武汉的共产主义小组也建立起同样的组织，开始发动和领导青年运动。由于当时青年团成分复杂，信仰不同；又由于俞秀松、刘少奇、任弼时、罗亦农等一批青年团的骨干陆续到苏俄学习，以及经费困难等原因，1921年5月，社会主义青年团便宣告暂时解散。1921年11月，张太雷受少共国际和中国共产党委托，重新恢复社会主义青年团，并明确规定社会主义青年团是信奉马克思主义的团体。为加强领导，成立了青年团临时中央局，拟定了中国社会主义青年团临时章程，并创办机关刊物《先驱》。在社会主义青年团恢复后的半年中，团的组织得到很大发展，上海、北京、南京、天津、保定、唐山、塘沽、武昌、长沙、杭州、安庆、广州、潮州、梧州、佛山、新会、肇庆共17个地方建立了团的地方组织，全国的团员达5000余人。在这种形势下，为从思想上、组织上加强和巩固团的组织，使之成为中国青年运动的坚强核心，青年团临时中央局决定召开第一次全国代表大会。1922年5月，中国社会主义青年团第一次全国代表大会在广州召开。出席这次大会的代表有蔡和森、邓中夏、张太雷、施存统、俞秀松、谭平山、陈公博、易礼容、许白吴、谭植棠、王振翼等25人。中共中央局书记陈独秀、少共国际代表达林等也出席指导。施存统作了关于青年团临时中央局和上海青年团情况的报告，广东的谭平山、北京的邓中夏、长沙的易礼容、南京的莫耀明等，分别作了本地青年团情况的报告。大会的主要任务是制定团的纲领和章程，建立团的中央领导机关。大会讨论并通过了《中国社会主义青年团纲领》和《中国社会主义青年团章程》，以及《青年工人、农人生活状况改良的议决案》、《关于政治宣传运动的议决案》、《关于教育运动的议决案》、《中国社会主义青年团与中国各团体的关系之议决案》和《中国社会主义青年团与国际青年团之关系议决案》。会议选举蔡和森、张太雷、俞秀松、高君宇、施存统5人组成第一届团中央执行委员会，施存统任团中央书记，正式建立了全国统一的团中央领导机构。大会还决定加入少共国际，宣布中国社会主义青年团是少共国际的一个支部。从此，中国社会主义青年团就成为中国共产党领导下的一个思想上、组织上完全统一的革命团体，成为中国青年运动的坚强核心。《中国社会主义青年团纲领》规定，团的性质是“中国青年无产阶级的组织，即为完全解放无产阶级而奋斗的组织”；目标是“要建设一切生产工具收归公有和禁止不劳而食的初期共产主义社会”；任务是“一方面为改良青年工人、农人的生活状况而奋斗，并为青年妇女、青年学生的利益而奋斗；一方面养成青年革命的精神，使向为解放一般无产阶级而奋斗的路上走”。《团纲》接受中国共产党的政治主张，第一次明确提出了现阶段中国革命的政治方针是:“铲除武人政治和国际资本帝国主义的压迫”，即反帝反封建。此外，《团纲》还规定，在政治方面，要力争农工的普选权和言论、出版、集会、结社、罢工等自由权；在经济方面，要维护青工、童工和女工的利益等；在教育方面，应对青年进行社会教育、政治教育和学校教育，以提高他们的觉悟。《中国社会主义青年团章程》共分团员、组织、纪律、会议、报告、机关、经费、机关报、附则共9章34条，对入团的条件和手续，团的各级组织机构（分小团体、地方执行委员会、区执行委员会和中央执行委员会四级）的任务和活动，团的组织原则、纪律、经费和机关报等都作了具体规定。其中关于团员条件的规定是:“凡十五岁以上二十八岁以下之青年，承认本团纲领及章程，并愿服务本团者，皆得为本团团员。”青年团一大后，广大团员和青年就在团中央的率领下，积极参加了中国共产党领导的反帝反封建的伟大革命斗争。
中国共产党第二次全国代表大会,,1922-07-16=>1922-07-23,上海,"陈独秀,张国焘,李达,蔡和森,邓中夏,施存统,王烬美,项英,高君宇,谭平山,李震瀛等",1922年7月16日至23日在上海召开。1922年1月，中国共产党派张国焘、邓培、高君宇等人参加了共产国际在莫斯科召开的远东各国共产党及民族革命团体第一次代表大会。会议讨论了远东各殖民地、半殖民地国家开展反帝反封建革命斗争的问题。这次会议使中国共产党进一步加深了对列宁关于民族和殖民地问题理论的理解，从而帮助和指导了中国共产党民主革命纲领的制定。中国共产党自成立后，积极进行马克思主义的宣传教育工作，发展党、团组织，集中力量领导工人运动，同时开展青年运动和妇女运动，在各项工作中取得了显著成绩。在这种形势下，中国共产党迫切需要制定出比较适合中国国情的革命纲领，以推动革命运动的进一步发展和加强对革命斗争的领导。为完成这一历史任务，中国共产党于1922年7月在上海英租界南成都路辅德里625号召开了第二次全国代表大会。参加这次会议的有陈独秀、张国焘、李达、蔡和森、邓中夏、施存统、王烬美、项英、高君宇、谭平山、李震瀛等12人。会议由党的中央局书记陈独秀主持。这次会议鉴于一大遭到法国巡捕破坏的教训，只召开了3次全体大会，其余时间则进行分组讨论。在这次会上，陈独秀代表中央局作了一年来的工作报告；张国焘作了出席远东各国共产党及民族革命团体第一次代表大会的经过和第一次全国劳动大会召开情况的报告；施存统作了社会主义青年团第一次全国代表大会会议经过及大会通过的决议的报告。大会讨论通过了《关于“世界大势与中国共产党”的决议案》、《关于“国际帝国主义与中国和中国共产党”的决议案》、《关于“民主的联合战线”的决议案》、《中国共产党加入第三国际决议案》、《关于议会行动的决议案》、《关于“工会运动与共产党”的决议案》、《关于少年运动问题的决议案》、《关于妇女运动的决议案》、《关于共产党的组织章程决议案》9个决议案和《中国共产党章程》，发表了《中国共产党第二次全国代表大会宣言》。大会根据列宁关于民族和殖民地问题的理论和党成立后对中国革命基本问题的探索，分析了国际形势和中国半殖民地半封建的社会性质，阐明了中国革命的性质、对象、动力和前途，制定了党的最高纲领和最低纲领。在大会通过的《宣言》中明确指出:“中国共产党是中国无产阶级政党。它的目的是要组织无产阶级，用阶级斗争的手段，建立劳农专政的政治，铲除私有财产制度，渐次达到一个共产主义的社会。中国现阶段的革命任务是:“（一）消除内乱，打倒军阀，建设国内和平；（二）推翻国际帝国主义的压迫，达到中华民族完全独立；（三）统一中国本部（东三省在内）为真正民主共和国。”大会根据列宁的建党学说，总结了中国共产党成立一年来的建设经验，通过了《关于共产党的组织章程决议案》和《中国共产党章程》，对党的组织建设问题提出了明确要求并作了具体规定。指出:我们共产党，不是知识者所组织的马克思学会，也不是少数共产主义者离开群众之空想的革命团体，应当是无产阶级中最有革命精神的广大群众组织起来为无产阶级之利益而奋斗的政党，为无产阶级做革命运动的急先锋。因此，“（一）党的一切运动都必须深入到广大的群众里面去；（二）党的内部必须有适应于革命的组织与训练”。“个个党员不应只是在言论上表示是共产主义者，重在行动上表现出来是共产主义者。”《中国共产党章程》是党的第一个比较完备的章程，对党的各级组织机构的任务和活动，对党员的条件和入党手续，对党的组织原则和纪律，都作了具体的规定。大会通过的《关于“民主的联合战线”的决议案》提出了建立民主联合战线的主张。大会通过的关于工会、妇女和少年运动等项决议案，明确指出党不仅要领导他们进行经济斗争，还必须领导他们为反对帝国主义和封建军阀，为实现民族独立和人民民主而斗争。大会还决定中国共产党加入第三国际，为“国际共产党之中国支部”。大会选举产生了新的中央领导机关——中央执行委员会。陈独秀、邓中夏、蔡和森、张国焘、高君宇5人为中央执行委员会委员；李大钊、向警予为候补执行委员；陈独秀任委员长，蔡和森任宣传部长，张国焘任组织部长。这次大会的主要功绩是:产生了第一个比较完善的中国共产党章程；首次明确提出了反帝反封建的革命纲领，为中国各族人民的革命斗争指明了方向，对中国革命具有重大历史意义。大会的不足之处是，没有指出民族民主革命必须由无产阶级来领导，而只是强调“无产阶级去帮助民主主义革命”并认为“民主主义革命成功了，无产阶级不过得着一些自由与权利，还是不能完全解放。”此外，对农民的土地问题，对工农联盟问题，以及建立工农政权等问题，也都还没有认识。
西湖会议,,1922-08-28=>1922-08-30,杭州,"陈独秀,李大钊,蔡和森,张国焘,高君宇,马林,张太雷",中国共产党第二届中央执行委员会于1922年8月在杭州西湖召开的特别会议。1922年7月，中国共产党第二次全国代表大会通过了《关于“民主的联合战线”的决议案》，决定同国民党实行“党外联合”。但这时共产国际表示赞同马林提出的关于共产党员加入国民党以实现国共合作统一战线的主张，并于7月18日指示中共中央所有的工作都必须在和马林的紧密联系下进行。8月，共产国际又专门作出《给共产国际驻中国特派代表的指示》。不久，共产国际派马林携带这些指示由莫斯科到达上海。马林认为中共二大决议赞成与国民党进行“党外联合”，是不符合共产国际的指示精神的。根据马林的提议，1922年8月28日至30日，中共中央在杭州西湖召开特别会议，参加会议的有陈独秀、李大钊、蔡和森、张国焘、高君宇、马林、张太雷7人。马林在会上传达了共产国际的七月决定和八月指示，再次提议中共党员加入国民党组织。他强调指出:国民党不是一个资产阶级的党，而是各阶级联合的党，无产阶级应该加入去改进这一党，以推动革命。马林认为，加入国民党符合列宁提出的民族和殖民地问题提纲精神，并要求中共尊重共产国际的意见。会议着重讨论了加入国民党的问题。起初，大多数中央委员反对马林关于加入国民党的提议，其主要理由是:党内联合乃混合了阶级组织和牵制了我们的独立政策，同时，也不符合共产国际二大的决议精神。经过马林在会上的说服和解释，多数中央委员从尊重共产国际指示出发，基本上接受了加入国民党的主张。但对马林关于全体共产党员加入国民党的提议也作了部分修正，决议党的少数负责人加入国民党，同时劝说全体党员加入国民党。西湖会议是中国共产党政治主张发生重大改变的转折点，即将国共两党“党外联合”的方针改变为“党内合作”的方针。从此，中国共产党便更多地注意了中国社会的现状，并开始参加现实的运动。西湖会议为中共三大确定建立国共合作统一战线的策略方针，从思想上、理论上、组织上作了必要的准备。
共产国际第四次代表大会,,1922-11-05=>1922-12-05,莫斯科,"陈独秀,刘仁静,王俊,列宁,冯·拉文斯坦,罗易,季诺维也夫,布哈林,拉狄克,蔡特金,库西宁,片山潜等",共产国际为总结第三次代表大会以来反帝民族革命的经验，制定反帝统一战线的战略和策略，于1922年11月5日至12月5日召开的大会。这次大会于11月5日在彼得格勒（今圣彼得堡）开幕，11月9日起在莫斯科举行工作会议，共举行了32次会议。参加大会的有58个共产党组织的408名代表。列宁向大会作了《俄国革命五周年和世界革命的前途》的报告。这是列宁最后一次出席共产国际会议。大会讨论了资本的进攻和各国共产党的任务、共产国际的纲领、殖民地和土地等一系列重大问题。荷兰代表冯·拉文斯坦、印度代表罗易和日本代表片山潜分别作了关于殖民地问题的报告。统一战线问题是大会的中心议题。大会通过的《东方问题提纲》，规定了共产党人应当遵循的一系列重要原则，指出在殖民地东方，必须提出反帝统一战线的口号，把一切革命因素动员起来以对世界帝国主义进行漫长而持久的斗争。《提纲》还要求东方各国共产党积极投入反帝反封建的民族民主革命，努力实现对革命的领导权，明确制定土地纲领。共产国际负责人之一拉狄克在会上发言，批评在广州和上海工作的同志很不懂得同工人群众相结合，要求中共党员走出孔夫子式的共产主义学者书斋，到群众中去。由陈独秀、刘仁静、王俊组成的中国代表团出席了这次大会。陈独秀在会上分别作了《中国的政治形势》和《中国的政治派别和反帝统一战线的口号》两个报告。提出中共在反帝统一战线中的任务是:“应首先组织工人阶级，并吸收农民甚至小资产阶级的革命成分参加这种运动，迫使小资产阶级中的其他更先进的部分加入这一阵线。”刘仁静作了《关于中国形势》的报告，阐述了中国的政治形势和中国共产党关于国共合作的政策，明确指出:要在中国消灭帝国主义，就必须建立反帝的统一战线，我们党根据这一原则，已决定和国民革命的政党即国民党建立统一战线，其形式是我们共产党员以个人名义参加国民党。大会选举季诺维也夫、布哈林、拉狄克、蔡特金、库西宁、片山潜等人组成共产国际执行委员会主席团。陈独秀当选为共产国际执行委员会委员。这次大会确立的反帝统一战线策略，有力地促进了中国共产党统一战线政策的制定。
中国共产党第三次全国代表大会,,1923-06-12=>1923-06-20,广州,"陈独秀:1,李大钊,毛泽东,蔡和森,瞿秋白,张太雷,张国焘,谭平山,刘仁静,罗章龙,何孟雄,向警予,阮啸仙,陈潭秋,邓培,林育南,项英,刘尔崧,冯菊坡,徐梅坤,王荷波,于树德,邓中夏,张连光,朱少连,王用章,王俊,孙云鹏,陈为人,王仲一,金佛庄等",1923年6月12日至20日在广州召开。第二次全国代表大会后，党的工作有了进步的发展。到三大前，党已在北京、上海、武汉、湖南、广东建立了区执行委员会，党员已发展到20人。各地的工人运动，特别是北京、广东和湖南的工人运动蓬勃发展，形成了中国工人运动的第一次高潮。在1922年8月召开的西湖会议上，中共中央接受了共产国际关于共产党员应加入国民党的主张。随后，党加快了国共合作的步伐。1923年1月，共产国际发出《关于中国共产党与国民党的关系问题的决议》阐明了同国民党实行合作的必要性，要求中国共产党在民族革命战线的一切运动中支持国民党。与此同时，在中国共产党和共产国际的帮助下，孙中山于1922年9月指定有中国共产党人参加的国民党改组方案起草委员会，积极进行改组的准备工作。1923年1月，他和苏俄政府代表越飞发表《孙文越飞联合宣言》。这些都表明，同国民党建立统一战线的条件已趋于成熟。在这种形势下，为了贯彻执行共产国际关于建立国共合作的统一战线政策，并总结二大以来党的工作，中国共产党于1923年6月在广州恤孤院后街31号召开了第三次全国代表大会。参加会议的有:陈独秀、李大钊、毛泽东、蔡和森、瞿秋白、张太雷、张国焘、谭平山、刘仁静、罗章龙、何孟雄、向警予、阮啸仙、陈潭秋、邓培、林育南、项英、刘尔崧、冯菊坡、徐梅坤、王荷波、于树德、邓中夏、张连光、朱少连、王用章、王俊、孙云鹏、陈为人、王仲一、金佛庄等30多人，其中有表决权的19人。共产国际代表马林也参加了会议。陈独秀主持大会。大会的中心议题是，根据共产国际的决议，讨论同国民党建立统一战线的问题。陈独秀代表第二届中央执行委员会向大会作工作报告，总结二大以来党的工作，着重说明了中国共产党同国民党建立革命统一战线的依据和过程。最后检查了中央和各地工作中的缺点及存在的问题。随后，大会传达了共产国际第四次代表大会的精神和共产国际关于国共两党合作的指示；分析了建立革命统一战线的必要性，以及把国民党改造成为工人、农民、小资产阶级与民族资产阶级的革命联盟的可能性。在讨论共产党员加入国民党问题时，发生了争论，出现了两种观点。一种以张国焘、蔡和森等人为代表，反对全体党员加入国民党，尤其反对工人加入国民党，认为“若加入资产阶级性的国民党组织，便不免有混乱无产阶级思想的危险。”另一种以马林、陈独秀等人为代表，坚持共产国际关于加入国民党的正确指示，但又主张“一切工作归国民党”。大会着重批评了张国焘等人怀疑国共合作的“左”的观点，也不同意马林、陈独秀“一切工作归国民党”的右倾观点，但并未给予应有的批评。大会统一了对共产党员加入国民党问题的认识，即共产党员加入国民党的目的是:第一，改组国民党为左翼的政党；第二，在中国共产党不能公开活动的地方，扩大国民党；第三，把优秀的国民党员吸收到我们党里来。大会通过了《关于国民运动及国民党问题的议决案》，正式决定和国民党合作，共产党员以个人身份加入国民党，同时保持共产党在政治上、思想上和组织上的独立性。大会还通过了《中国共产党党纲草案》、《关于第三国际第四次大会决定案》、《劳动运动议决案》、《农民问题决议案》《关于党员入政界的决议案》、《青年运动决议案》、《妇女运动决议案》、《中国共产党中央委员会组织法》、《中国共产党第一次修正章程》和《中国共产党第三次全国代表大会宣言》等文件。此外，以中国共产党第三次代表大会的名义，分别发出了《致日本共产党的信》和《致印尼共产党的信》。支援这两国共产党人所进行的民族解放斗争。大会最后选举了新的中央领导机构——中央执行委员会。陈独秀、李大钊、毛泽东、蔡和森、王荷波、朱少连、项英、谭平山、罗章龙为中央执行委员会委员；李汉俊、邓培、邓中夏、徐梅坤、张连光为候补委员。中央执行委员会的常务机构是中央局，由陈独秀、毛泽东、罗章龙、蔡和森、谭平山（1923年9月，中央机关由广州迁回上海，谭平山代表中央驻粤工作，由王荷波接替谭加入中央局）5人组成，陈独秀任中央执行委员会委员长，毛泽东任秘书，罗章龙任会计。此次大会的主要功绩是确定了建立国共合作的革命统一战线的策略，促进了第一次国共合作的迅速实现，加速了中国革命的步伐，为波澜壮阔的反帝反封建的第一次国内革命战争的胜利进行作了准备。大会的不足之处:一是对国民党的力量估计过高，认为国民党是国民革命的中心势力，处于国民革命的领袖地位；二是对工人的力量估计不足，认为工人阶级尚未强大起来，尚未成为一个独立的社会势力以应中国目前革命的需要；三是对农民问题和改革军队问题，仍没有足够的注意。
中国社会主义青年团第二次全国代表大会,,1923-08-20=>1923-08-25,南京,"邓中夏,恽代英,瞿秋白,林育南,施存统,李求实,刘仁静,夏曦,卜士畸,林育南,李少白,梁鹏云,李求实,张秋人等",
青年团二届一中全会,1923-09-29,,,"刘仁静,林育南,恽代英,邓中夏","1923年8月20日至25日在南京召开。社会主义青年团一大后,各地团组织进行了改组和整顿,在中国共产党和青年团中央的领导下,广大团员和青年积极参加了反帝反封建的革命斗争。1923年6月,中国共产党在广州召开第三次全国代表大会,确定了国共合作建立革命统一战线的策略。并决定共产党员以个人名义加入国民党,同时保持共产党在思想上、政治上和组织上的独立性。为了加强对青年运动的领导,中共三大通过了《青年运动决议案》,要求社会主义青年团应以组织及教育青年工人为其重要工作;应开始从事农民运动的宣传及调查;对于青年学生应从普通的文化宣传进而为主义的宣传,应从一般的学生运动引导青年学生到反对军阀、反对帝国主义的国民运动;要求社会主义青年团应根据党的三大关于国民运动与国民党之议决案极力参加国民运动。根据中共三大精神,中国社会主义青年团于1923年8月在南京召开了第二次全国代表大会。参加这次会议的代表有邓中夏、恽代英、瞿秋白、林育南、施存统、李求实、刘仁静等30多人。当时全国已有16个省的30多个地区建立了青年团组织,团员总数已达6000多人。大会总结了第一次全国代表大会以来的工作,修改了团章,改选了团中央领导机构,并着重讨论了如何贯彻中共三大所确定的同以孙中山为首的国民党建立统一战线的问题。大会坚决地接受了中共三大的路线,并采取了和党完全一致的步骤。大会通过的《关于中国共产党第三次大会报告决议案》明确指出:本团团员加入国民党,当受本团各级执行委员会的指挥本团各级执行委员会,当受中国共产党中央及其各级执行委员会对于团员加人国民党问题的种种指挥。本团团员在国民党中,应赞助中国共产党党员的主张,与其言语行动完全一致并应保持本团的独立的严密组织这就保证了青年团在政治上、思想上、行动上与中国共产党的一致性。这次大会对中国社会主义青年团和中国共产党的关系间题,作出了明确规定。青年团一大没有明确规定中国社会主义青年团应该接受中国共产党的领导,这对整个革命运动和青年运动的发展显然是不利的。因而青年团中央在征得中共中央的同意后,于1922年9月6日发出《本团与中国共产党之关系》的通告,规定党团之间的关系是:除政治上的主张须与中国共产党协定以外,社会主义青年团有完全自主之权;两团体各执行委员会会议,互派有表决权之代表1名出席。这个通告较之团的一大已前进了一大步,但它规定在政治上团对党是协定”关系而不是“服从”关系。根据共产国际的规定:在政治方面,社会主义青年团须完全服从共产党的主张,在其他切为青年利益而奋斗的方面,社会主义青年团应是一个独立的团体,有完全的主权;为使两团体关系密切和进行工作顺利起见,双方可互派代表出席会议。青年团二大重新讨论了团与党的关系,并通过了《本团与中国共产党之关系的决议案》,决定执行共产国际的规定,既要保持青年团的特点,在政治上又须完全服从共产党的主张,从而确立了党团之间的正确关系。此外,大会还通过了青年工人运动、学生运动、农民运动、教育及宣传、青年妇女运动等决议案。大会选举邓中夏、施存统、刘仁静、夏曦、卜士畸、林育南、李少白7人为团中央执行委员会委员;恽代英、梁鹏云、李求实、张秋人4人为候补委员后施存统因病辞职,恽代英递补为委员。由于到会的中央执行委员仅4人,不能召开第一次全体会议,于是决定暂时成立“临时中央局”,由邓中夏任委员长。9月29日,正式召开了青年团二届一中全会,刘仁静当选为委员长,林育南任秘书,恽代英任编辑,邓中夏任会计,并由他们4人组成团的中央局。青年团二大后,广大团员和共产党员一起,积极参加了改组国民党、建立革命统一战线的工作，积极参加了蓬勃开展的工农革命运动和国民会议运动。"
中国共产党第三届第一次中央执行委员会会议,,1923-11-24=>1923-11-25,上海,"陈独秀,罗章龙,蔡和森,王荷波,李大钊,项英",1923年11月24日至25日在上海召开。中国共产党第三次全国代表大会后，采取了许多实际步骤，帮助国民党进行改组，并扩大其组织。1923年10月，在中国共产党和共产国际的帮助和支持下，孙中山委派廖仲恺、胡汉民、林森、谭平山等9人为执行委员，李大钊、汪精卫等5人为候补执行委员，组成新的国民党临时中央执行委员会，负责筹备国民党的改组工作，并在广州召开了国民党改组特别会议。11月12日，发表了《中国国民党改组宣言》。但是，由于国共两党政治观点不同，两党党员之间存在着隔阂，因而中共党内不少人对三大通过的《关于国民运动及国民党问题的议决案》有疑虑，加上党的经费困难等原因，致使第三次全国代表大会的决议案未能充分执行，为进一步统一全党认识，更好地贯彻执行中共三大所确定的建立革命统一战线的决议，中国共产党于1923年11月在上海召开了三届一次中央执行委员会会议。出席这次会议的有中央局委员陈独秀、罗章龙、蔡和森、王荷波，驻京委员李大钊，驻鄂委员项英，社会主义青年团中央代表1人，特别出席者1人，共8人。驻湘委员朱少连、驻粤委员谭平山未到；中央局委员毛泽东因事赴湘，也未出席。在这次会上，中央局报告了三大后党在政治、宣传、党务等方面的工作，并报告了工人运动和农民运动的状况，及改组国民党工作的进展情况和存在的问题。各委员报告了北京、上海、湖南、湖北、广东、山东、哈尔滨7个地区党的活动情况和社会主义青年团的工作情况。会议根据共产国际执委会五月指示和国共两党的实际情况，讨论并通过了《国民运动进行计划决议案》，阐明了共产党员在国民党中的地位和作用，从而解决了中共三大所没有解决的三个重要问题:第一，提出了共产党员须努力站在国民党中心地位的思想。三大的《宣言》指出:“中国国民党应该是国民革命之中心势力，更应该立在国民革命之领袖地位。”但却未谈及共产党在国民党和国民革命中应处的地位。这次的决议明确规定:“我们须努力站在国民党中心地位”。即必须通过共产党的活动去影响和支配国民党的行动方向和大政方针，使共产党真正成为国民革命的政治领导者。第二，提出了共产党要努力掌握国民党各地方组织的思想。三大指出:“我们须努力扩大国民党的组织于全中国”，但未谈及扩大的方法。这次的决议明确规定:（一）国民党有组织之地方，如广东、上海、四川、山东等处，同志们一并加入；（二）国民党无组织之地方，最重要的如哈尔滨、奉天、北京、天津、南京、安徽、湖北、浙江、福建等处，同志们为之创设。这实质上就是要求全体党团员，积极参加国民党改组工作，努力掌握国民党的各地方组织，争取对国民革命的领导权。第三，提出了在国民党内建立“秘密组”（即后来的党团或党组）的主张。这是同国民党争夺领导权的又一重要措施。此外，该决议还指出，矫正国民党的政治观念，促其做反帝国主义的宣传及行动，以国民党的名义去创造或参加各种人民的组织，是党在当时的重要任务之一。这次会议还讨论了工人运动、农民运动和教育宣传等方面的问题，并通过了《劳动运动进行方针议决案》和《教育宣传问题议决案》。三届一中全会关于国共合作的基本精神是:中共不仅要在全国范围内发展国民党组织，而且要站在国民党中心地位，并通过党团性质的“秘密组”的活动，影响和支配国民党的行动和大政方针，努力使国民党在实际上变成无产阶级领导下的统一战线组织。1924年1月，在中国共产党的推动和帮助下，国民党在广州召开了第一次全国代表大会，国共合作的革命统一战线正式建立。从国民党一大以后的两年多时间里，中国共产党基本上贯彻了三届一中全会关于国共合作的基本精神，使国民党获得了新生，使国民革命运动蓬勃发展，并取得了巨大胜利。
中国国民党第一次全国代表大会,,1924-01-20=>1924-01-30,广州,,1924年1月，在中国共产党的推动和帮助下，国民党在广州召开了第一次全国代表大会，国共合作的革命统一战线正式建立。
世界劳动纪念大会,1920-05-01,,上海,陈独秀,"中国工人第一次较大规模的纪念五一国际劳动节是在1920年5月1日。这一天,全国有七八个城市,约五六万工人参加了这一纪念活动。在上海,在具有初步共产主义思想的知识分子陈独秀的指导下,5000多名工人召开了由中华全国工界协进会等7个团体联合筹备的“世界劳动纪念大会”,陈独秀当选为筹备大会顾问。纪念会在军警的干扰破坏下,几易会址,但工人仍坚持开会。各界代表在会上发表演说,工人提出8小时工作、8小时休息、8小时教育的“三八制”要求,并高呼“劳工万岁”、“中华工界万岁”等口号。会后,发表了《上海工人宣言》和《答俄国劳农政府的通告》。"
